ID	DESCRIPTION
101001	シャッタOPENまたは、CLOSEする
101002	シャッタOPENまたは、CLOSEを停止する
101003	現在の望遠鏡の仰角、風向、風速を考慮し、スクリーンの自動制御を行う連動モード、現在の望遠鏡の仰角、風向、風速とは独立し、オペレータからの指令位置に従い制御を行う非連動モードの設定を行う
101004	指定された位置にウィンドスクリーンを設定する
101005	ウィンドスクリーンの駆動を停止する
101006	現在の望遠鏡の仰角を考慮し、スクリーンの自動制御を行う連動モード、現在の望遠鏡の仰角とは独立し、オペレータからの指令位置に従い制御を行う非連動モードの設定を行う
101007	指定された位置にトップスクリーンを設定する
101008	トップスクリーンの駆動を停止する
101101	ドームの回転のモードを望遠鏡のAZ角度に連動させるモード又はAZ角度とは独立した非連動モードに設定する
101102	指定された角度にドームを回転駆動する
101103	ドームの回転を停止する
101104	現在の風向、風速を考慮し、ベンチレータの開閉を自動制御の連動モード又は、オペレータからの指令に従う非連動モードに設定する
101105	指定のあったベンチレータを、指定のあった位置に設定する
101106	指定のあったベンチレータの駆動を停止する
101107	ベントシャッターのOPEN又はCLOSEを行う
101108	風向、風速に従ったウィンドスクリーン及びベンチレータの風速制御の開始又は終了を行う
101109	ウィンドスクリーンの非連動モードから連動モードへの自動移行のINHIBITの設定／解除を行う
10110A	架台又はドームとMLP1の回線が断となった時に、異常装置を正常装置にスレーブさせることによる架台、ドームの駆動要求を行う
10110B	ベンチレータの非連動モードから連動モードへの自動移行のINHIBITの設定／解除を行う
102001	望遠鏡の駆動を停止する
102002	指定のあった位置まで望遠鏡を駆動する
102003	指定のあった天体の位置まで望遠鏡を駆動する
102004	指定のあった望遠鏡駆動情報に従って望遠鏡を駆動する
102005	AZ/ELの座標変換後、指定された位置へ望遠鏡を駆動する
103001	合焦機構を指定位置まで駆動し、焦点合わせを行う
103005	X駆動機構を指定位置まで駆動する
103009	Y駆動機構を指定位置まで駆動する
10300D	θX回転機構を指定位置まで回転する
103011	θY回転機構を指定位置まで回転する
103012	θZ回転機構を指定位置まで回転する
103015	副鏡のリンクL1を指定された位置に駆動する
103016	副鏡のリンクL1の駆動を停止する
103017	副鏡のリンクL2を指定された位置に駆動する
103018	副鏡のリンクL2の駆動を停止する
103019	副鏡のリンクL3を指定された位置に駆動する
10301A	副鏡のリンクL3の駆動を停止する
10301B	副鏡のリンクL4を指定された位置に駆動する
10301C	副鏡のリンクL4の駆動を停止する
10301D	副鏡のリンクL4を指定された位置に駆動する
10301E	副鏡のリンクL5の駆動を停止する
10301F	副鏡のリンクL6を指定された位置に駆動する
103020	副鏡のリンクL6の駆動を停止する
103021	現在のトップユニット、焦点に対応したTSCが保持している副鏡デフォルト値の参照を行う
104001	望遠鏡の駆動とともに大気分散補正系の回転の自動制御を行う連動モード又は、望遠鏡の駆動とともに大気分散補正系の回転を独立させる非連動モードに設定する
104002	赤用、無の指定を行う
104003	大気分散補正系の回転を停止する
104004	大気分散補正系を指定された回転速度に従い回転駆動させる
104005	大気分散補正系のプリズム角度のオフセット角度を設定する
104006	大気分散補正系のプリズム角度とEL角の対応を変える観測波長パラメータを設定する
104010	望遠鏡の駆動、追尾とともにローテータの回転の自動制御を行うモード(連動モード)、望遠鏡の駆動、追尾とローテータの回転を独立させるモード(非連動モード)に設定する
104011	ローテータの回転を停止する
104012	連動モードの場合、指定角度は視野回転角に重畳される
104013	指定された速度でローテータを回転させる
104020	
104021	青用、赤用、無の指定を行う
106002	重心位置の検出を開始又は停止する
106003	天体追尾装置の重心位置検出範囲を設定する
106004	天体追尾装置の画像データ取得範囲を設定する
106005	天体追尾装置の重心位置を検出するときに用いるしきい値を設定する
106006	天体追尾装置の露出時間を設定する
106007	天体追尾装置で指定のあった較正データ取得し、テーブルを更新する
106008	天体追尾装置が保持している指定のあった較正データをV-LAN経由でOBS(TWS)へ送出する
106009	
10600A	天体追尾装置のCCD読みだし時のビンニングパターン設定を行う
10600C	天体追尾装置のシャッターをOPEN又はCLOSEする
10600D	天体追尾装置の画像データ取得開始、停止を行う
10600E	
10600F	天体追尾装置が画像データ取得後の演算処理時に使用する較正データの種類を設定する
106010	CCDしきい値自動設定機能のON/OFF設定を行う
107001	指定位置へスリット監視装置を駆動させる
107002	スリット監視装置の電源ON/OFFを行う
107003	スリット監視装置の露出時間を設定する
107004	スリット監視装置のCCD読み出し時のビンニング設定を行う
107005	
107006	スリット監視装置のシャッターをOPEN又はCLOSEする
107007	スリット監視装置より、画像データ取得を開始又は停止する
107008	スリット監視装置のフィルタを設定する
107009	
10700A	
10700B	スリット監視装置の画像データ取得範囲を設定する
107102	スリット監視装置の重心位置の検出を開始又は停止する
107103	スリット監視装置の重心位置検出範囲を設定する
107105	スリット監視装置の重心位置を検出するときに用いるしきい値を設定する
107107	スリット監視装置で指定のあった較正データを取得する
107108	スリット監視装置が保持している指定のあった較正データをV-LAN経由で要求もとへ送出する
10710F	スリット監視装置が画像データ取得後の演算処理時に使用する較正データの種類を設定する
107110	SV CCDしきい値自動設定機能のON/OFF設定を行う
109001	鏡面検査装置の露出時間を設定する
109002	鏡面検査装置のCCDしきい値を設定する
109003	鏡面検査装置内の参照光源を用いてのスポット位置の検出を行う
109004	鏡面検査装置が保持しているスポット位置を送出する
109005	鏡面検査装置の観測星画像データの取得を行う
109006	鏡面検査装置で指定のあった較正データを取得し、テーブルを更新する
109007	鏡面検査装置が保持している指定のあった較正データを、V-LAN経由でOBS(TWS)へ送出する
109008	鏡面検査装置のシャッターの電源をON又はOFFする
109009	アクチュエータへ送出している指令値のうち、TWSより選択されたデータ種類を要求元へ転送する
10900A	鏡面検査装置の参照光源側シャッターをOPEN又はCLOSEする
10900B	鏡面検査装置のCCD側シャッターをOPEN又はCLOSEする
10900C	鏡面検査装置が保持しているペアリング情報の参照を行う
10900D	鏡面検査装置内の参照光源の明るさを設定する
10900E	鏡面検査装置の参照光源を点灯又は消灯する
10900F	鏡面検査装置へ基準スポットと測定スポットの自動ペアリング設定要求を行う
109010	鏡面検査装置に対し、基準スポットと測定スポットのペアリング設定を行う
109011	"鏡面検査で検出されたずれ量(△X,△Y,I)の参照を行う"
109012	鏡面検査装置が画像データ取得後の演算処理時に使用する較正データの種類を設定する
109013	鏡面検査装置のビンニングを指定されたパターンに設定する
10D001	天体追尾装置・鏡面検査装置を指令位置まで、駆動する
10D002	天体追尾装置・鏡面検査装置の駆動を停止する
10D003	天体追尾装置・鏡面検査装置を現在の位置から格納位置へ駆動する
10D004	指定された天体の位置へ天体追尾装置・鏡面検査装置を駆動する
10D005	指定された速度で天体追尾装置・鏡面検査装置をθ回転させる
10D006	指定された速度で天体追尾装置・鏡面検査装置をr駆動させる
10E001	較正用光源を光軸上へ駆動する
10E002	較正用光源を光軸より退避する
10E003	較正用光源の光軸駆動を現在位置で停止する
124001	主鏡/第３鏡カバーの指定されたカバーをOPEN又はCLOSEする
124002	
124003	セルカバーをOPEN又はCLOSEする
124004	主鏡カバーのOPEN又はCLOSEを停止する
125001	第3鏡の光学用、赤外用、なしの指定を行う
127001	オペレータがトップユニット交換後のバランス調整完了と判断したことを設定入力する
128001	振動副鏡のDrive Offを行う
132001	電動ボルト制御装置の電源をON又はOFFにする
132002	カセグレン観測装置交換時の電動ボルトクランプON/OFF要求を行う
132003	カセグレン観測装置交換時の電動ボルトクランプON/OFF制御時のSTOP要求を行う
132004	インストルメントロテータをカセグレン焦点観測装置交換時のロック位置まで駆動する
132005	インストルメントロテータをカセグレン焦点観測装置交換時のアンロック位置まで駆動する
132006	カセグレン焦点観測装置交換時に使用する自走台車を設定する
132007	カセグレン焦点に取り付ける又はとりついている観測装置の種類を選択する
132008	電動ボルトにアラームリセット要求を行う。
136001	望遠鏡の駆動とともに主焦点の大気分散補正系の駆動の自動制御を行う連動モード又は、望遠鏡の駆動と主焦点の大気分散補正系の駆動を独立させる非連動モードに設定する
136002	主焦点の大気分散補正系の駆動を停止する
136003	主焦点の大気分散補正系を、指定された速度に従い駆動させる
136004	主焦点の大気分散補正系を、算出したオフセット位置まで駆動する
136010	望遠鏡の駆動、追尾とともに主焦点のローテータの回転の自動制御を行う連動モード又は、望遠鏡の駆動、追尾と主焦点のローテータの駆動を独立させる非連動モードに設定する
136011	主焦点のローテータの回転を停止する
136012	主焦点のローテータを、指定位置まで回転駆動する
136013	主焦点のローテータを、指定された速度で回転駆動する
137001	主焦点の天体追尾装置・鏡面検査装置を、指令位置まで駆動する
137002	主焦点の天体追尾装置・鏡面検査装置の駆動を停止する
137003	主焦点の天体追尾装置・鏡面検査装置を、現在の位置から格納位置へ駆動する
137004	主焦点の天体追尾装置・鏡面検査装置を、指定された天体の位置へ駆動する
13B001	PIR AG for SH(AG1)カメラの画像データ取得開始、停止を行う。
13B002	PIR AG for SH(AG1)カメラの露出時間を設定する。
13B003	PIR AG for SH（AG1)の重心位置の検出を開始又は停止する。
13B004	PIR AG for SH(AG1)カメラの重心位置を検出するときに用いるしきい値を設定する。
13B005	PIR AG for SH(AG1)のCCD読みだし時のビンニングパターン設定を行う。
13B006	PIR AG for SH(AG1)の画像データ取得範囲を設定する。
13B007	PIR AG for SH(AG1)の重心位置検出範囲を設定する。
13B008	PIRのエントランスシャッターをOPEN又はCLOSEする。
13B101	PIR AG/SHプローブを現在の位置から格納位置へ駆動する。
161001	指定されたランプの電圧/電流指令値を設定する
161002	ドームフラット用電源の初期化を行う
161003	ランプに対応した電源を選択する
161004	
161005	指定された電源のON/OFFを行う
161006	温度測定用測定器を初期化する
161007	"TSCで管理している各ランプ(10W,20W,250W,600W,1000W)に対応した電圧/電流リミット値設定ファイルを転送する"
1A1001	現在実行中のコマンドを中止する
1A1002	TSCで管理している制御コマンド定義ファイルの参照を行うためのコマンドである
1A1002	
1A1003	要求したコマンドのうち、制御完了待ちとなっているコマンド種類の参照を行う
1A1004	駆動する機器全ての駆動を停止する
1A1005	トップユニット、使用焦点等、観測に関する事項を設定する
1A1006	観測に使用する焦点（主焦点、カセグレン、光学ナスミス、赤外ナスミス）、トップユニットに応じた機器のデフォルト設定を行う
1A1007	観測に対応したユニットが着装されているかチェックを行う
1A1008	制御時のモード選択を行う
1A1009	指定された装置のH/Wのバージョンを参照する
1A100A	指定された装置のS/Wバージョンを参照する
1A100B	指定された装置の診断テストを行う
1A100C	1A1006により制御中の焦点切り替えの停止を行なう。
1A100C	
1A100D	保持している各履歴の参照を行う
1A100E	予め制御時刻の決まっている制御を時刻と共に登録する
1A100F	登録しているスケジュールを参照する
1A1010	登録されているスケジュールを取り消す
1A1011	TSCが保持している最新のステータスデータの参照を行う
1A1012	悪天候等によるサバイバル時に必要な動作要求を行う
1A1013	TSCが保持しているオートガイドデータ履歴ファイルのリスト参照を行う
1A1014	望遠鏡を指定されたプリセット位置に駆動する
1A1015	TSCで管理されているユーザ名一覧の参照を行う
1A1016	"スケジュール運用のON,OFFを設定する"
1A1017	他とのスケジュール重複によりスケジュール実行保留となっているスケジュールの実行要求を行う
1A1018	時刻スケジュール又は、スケジュール制御要求により実行されたスケジュール制御を中止する
1A1019	排熱装置の冷媒温度等のデータロギングのためのサンプリング周期の設定を行う
1A101A	機器動作フラグのリセットを行なう
1A101A	
1A101B	排熱装置の冷媒温度ロギングのためのサンプリング周期の参照を行う
1A101C	主鏡排熱制御におけるテストモード時の制御温度の設定を行う
1A101D	排熱装置への制御温度指令値算出時に用いる各パラメータを指定された値に設定する
1A101E	TSCが保持して排熱装置への制御温度指令値算出時に用いる各パラメータの参照を行う
1A101F	主鏡排熱システムのモード設定(主鏡温度制御モード/セル排熱モード)を行う
1A1020	昼間の主鏡制御のための主鏡温度制御指令値を設定する
1A1021	架台の角度検出器のリセットを行う
1A1022	ロテータの角度検出器のリセットを行う
1A1023	AG/SH駆動の角度検出器のリセットを行う
1A1024	排熱システムの制御モードであるテストモードの設定、解除を行う
1A1025	制御装置のサーボループテスト結果ファイルの転送要求を行う
1A1026	指定された装置のサーボループテスト時に必要なパラメータの設定を行い、テスト開始要求を行う。また、テストの中止要求を行う
1A1027	計算機が優先モードの場合に、意図的に他の計算機にオペレーションの依頼を開始するコマンドである
1A1028	計算機が優先モードの場合に、意図的に他の計算機に依頼したオペレーションを終了するコマンドである
1A1029	α/δ駆動時にAZ/ELで指令値オフセットを与えるためのコマンドである
1A102A	α/δ駆動又は駆動情報ファイルで駆動時に指令値オフセットをα/δ与えるためのコマンドである
1A102B	指定された焦点のローテータの角度検出器のリセットを行う
1A102C	指定された焦点のAG/SH駆動の位置検出器のリセットを行う
1A102D	天体追尾装置が重心位置検出を行うときに使用する基準となる位置を参照光源の位置に設定する
1A102E	振動副鏡のチョッピング又はTip-Tiltの開始/停止の要求を行う
1A102F	" 本コマンドの要求があった時のAZ/ELオフセット角度をポインティングアナリシスで得られた 器差補正係数a1,a5に加算する"
1A1030	昼間(主鏡排熱モードがTemp CONT(温度制御モード)時)の主鏡制御温度を設定するモードを選択する
1A1031	PIR AG for SH(AG1)カメラが重心位置検出を行うときに使用する基準となる位置を参照光源の位置に設定する。
1A1032	重心検出範囲1の基準位置を現在の焦点に対応する光軸位置に設定要求する。
1A1033	重心検出範囲1の基準位置を光軸位置に設定要求する。
1A1034	保持している各履歴の参照を行う
1A1035	AO188(NsIR焦点用AO)の使用／未使用状態を設定する。
1A1036	保持している制御メッセージログ内容をファイルに出力する
1A1037	保持している制御メッセージログ内容をファイルに出力する
1A1038	PAで検出した光軸位置を基準位置に設定要求する。
1A1039	HSC AG for SHカメラが重心位置検出を行うときに使用する基準となる位置を参照光源の位置に設定する。
1A1040	HSCSHが保持しているダーク画像データの転送要求を行う。
1A1041	HSCSHにダークデータの取得要求を行う。
1A1042	HSCユニットの6本ジャッキ、InRをフィルタ交換位置への駆動要求を行う。
1A1101	指定されたマクロ定義を実行する
1A1102	指定された名前で、指定された処理をマクロ機能として登録する
1A1103	TSCで保持している全マクロコマンド名リストを参照する
1A1104	指定された名前のマクロ機能の内容を参照する
1A1105	指定された名前のマクロ定義を取り消す
1A1106	指定天体のパラメータを格納したファイルの登録を行う
1A1107	TSCが保持している指定天体のパラメータファイルリストを参照する
1A1108	TSCが保持している指定のあった指定天体のパラメータファイルの参照を行う
1A1109	指定された指定天体のパラメータファイルをTSC内から取り消す
1A110A	このファイルには望遠鏡の絶対／相対の区別、指定位置セット数、指定位置が格納されているものとする
1A110B	TSCが保持している望遠鏡を駆動するための全情報ファイルのリストを参照する
1A110C	望遠鏡を駆動するための情報を格納しているファイルの参照を行う
1A110D	TSC内で保持している望遠鏡駆動情報ファイルのうち、該当するファイルを削除する
1A110E	指定されたファイルの編集不許可の設定又は解除を行う
1A110F	実行中のマクロコマンドに対し、制御中止、スキップ、リトライ、キー又はマウス入力のうち指定のあった制御を行う。
1A1110	マクロコマンドシミュレーション要求を行う
1A1111	マクロコマンドシミュレーションの中止を行う
1A1112	ステータスデータの記録を行う
1A1113	点検内容を記録して行う機器の自動点検要求を行う
1A1114	自動点検内容をファイルに格納し、登録する
1A1115	TSCが保持している自動点検ファイルのリストを参照する
1A1116	TSCが保持している指定のあった自動点検ファイルを参照する
1A1117	指定された自動点検ファイルをTSCから削除する
1A1118	実行した自動点検結果を記録したファイルの参照を行う
1A1119	TSCが保持している自動点検記録ファイルのリストを参照する
1A1203	ポインティングアナリシスを実行するための対象天体検索時に使用するパラメータの設定を行う
1A1204	 ポインティングアナリシス実行時の誤差検出に関するパラメータを設定する
1A1205	 ポインティングアナリシスを開始する
1A1206	 ポインティングアナリシスで検索した天体情報を格納した天体検索ファイルの転送要求を行う
1A1207	 実行中のポインティングアナリシスを中断する
1A1208	 中断しているポインティングアナリシスを再開する
1A1209	 ポインティングアナリシスのを終了する
1A120A	現在有効な器差補正係数タイプを指定しそれに対応する器差補正係数を反映させるコマンド
1A120B	器差補正係数算出を要求するコマンド
1A120C	器差補正係数算出要求により算出した器差補正係数値を新規算出の器差補正係数値として登録する
1A120D	ポインティングアナリシス指向エリア定義ファイルのリストを参照するコマンド
1A120E	TSCで保持している指向誤差データファイルを要求元に転送し、転送した指向誤差データファイル名をステータスデータにのせる
1A120F	TSCで管理している指向誤差データファイルのリストを参照するコマンド
1A1210	 ポインティングアナリシスの補正項の更新を行う
1A1211	
1A1212	
1A1213	
1A1214	
1A1215	指定されたプロット番号の指向誤差データをファイルに格納し、要求元へ転送する
1A1216	指向誤差データファイルを指定されたプロット番号に登録する
1A1217	
1A1218	
1A1219	
1A121A	RMS誤差を算出する
1A121B	器差補正係数計算方法ファイルを指定した番号に登録する
1A121C	プロット番号に対応した器差補正係数計算方法ファイルを取得するコマンド
1A121D	登録されている指向誤差ファイルを取得するコマンド
1A121E	PA Simulationで計算された器差補正係数ファイルを取得する
1A1302	
1A1305	観測装置とトップユニットに対応した副鏡等のデフォルト値の登録を行う
1A1306	指定されたファイル名で登録されている観測装置とトップユニットに対応したデフォルト値の参照を行う
1A1307	TSCで保持している観測装置とトップユニットに対応した副鏡デフォルト値を格納しているファイルのリスト参照を行う
1A1308	観測装置、トップユニットに対応したデフォルト値を格納している指定されたファイルを削除する
1A1309	TSCで保持しているインターロックチェックのリストを参照する
1A130A	インターロックチェックリストへのインターロック設定又は解除を行う
1A130B	指定されたコマンドのインターロックチェック対象項目に、指定されたインターロック項目の設定を行う
1A130C	TSCで保持しているコマンド別に登録されているインターロック項目の参照を行う
1A130F	風向、風速に対応したベンチレータ制御を定義しておくテーブルを登録する
1A1310	TSCで保持しているベンチレータ制御デフォルトテーブルのリスト参照を行う
1A1311	TSCで保持しているベンチレータ制御デフォルトテーブルの参照を行う
1A1312	TSCで保持しているベンチレータ制御デフォルトテーブルを削除する
1A1315	
1A1316	
1A1317	
1A1318	
1A1319	
1A131A	
1A131B	制御計算機が保持している各初期設定値の参照を行う
1A131C	制御計算機が保持している各初期設定値の設定を行う
1A131D	
1A131E	
1A131F	各焦点ユニットに実装されている較正用光源のフィルタに対応した名称リストを格納したテーブルを登録する
1A1320	TSCで管理している各焦点ユニットに実装されている較正用光源のフィルタに対応した名称リストを格納したテーブルを参照する
1A1321	各焦点ユニットに実装されている較正用光源のランプに対応した名称リストを格納したテーブルを登録する
1A1322	TSCで管理している各焦点ユニットに実装されている較正用光源のランプに対応した名称リストを格納したテーブルを参照する
1A1323	風向、風速に対応したベンチレータ制御を定義しておくテーブルを実行用として登録する
1A1401	TSCが保持しているファイルの転送要求を行う
1A1901	"OBS,TWS,DCMOM各計算機より制御要求を可能とする為のTSCオペレータログインを行う"
1A1902	制御要求のために行っているTSCオペレータログインをログアウトする
1A1903	制御要求のために行っているTSCオペレータログイン状況を参照する
1A1904	指定された計算機のロック設定又は解除を行う
1A1905	異常検知時に鳴らしてている警報音の停止要求を行う
1A1906	異常検知時に警報を鳴らすか鳴らさないかの設定を行う
1A1907	異常が発生した時、異常発生をオペレータが認識したことを通知するコマンドである
1A1B01	ミラーアナリシスの開始を要求するコマンド。本コマンドの要求により初期状態よりミラーアナリシスが実行される
1A1B02	ミラー アナリシスの終了を要求するコマンド
1A1B03	ミラー アナリシスの一時停止を要求するコマンド
1A1B04	一時停止状態のミラー アナリシスの再開を要求するコマンド
1A1B05	Off-Axis測定のため、星を視野中心ではなく望遠鏡の視野角の位置に移動するために架台に与えるAZ/ELオフセット角を算出する
1A1B06	ミラー アナリシスのデータ取得状態等のオペレータ確認待ち状態で、オペレータの確認をTSCに通知するコマンド
1A1B07	ミラー アナリシスの条件パラメータを設定するコマンド
1A1B08	オフアクシスSHを開始する
1A1B09	オフアクシスSHの次のシーケンスを実行する
1A1B0F	ミラー アナリシス結果ファイルの取得を要求するコマンド
1A1B10	ミラー アナリシスの鏡面検査結果データ判定値ファイル内容のファイル転送を行う
1A1B11	ミラー アナリシスの鏡面検査結果データ判定値ファイル内容のファイル転送を行う
1A1B12	MAを行うEL角度レンジ定義ファイルの取得を行うコマンド
1A1B13	MA Process名称定義ファイルの取得を要求するコマンド
1A1B14	副鏡器差補正係数ファイルを取得する
1A1B15	PMA／PMFXS器差補正係数係数ファイルを取得する
1A1B17	指定された器差補正係数から予想されるPMA補正値、副鏡補正値を算出する
1A1B18	TSCで保持しているミラーアナリシス器差補正パラメータファイルのリストを参照する
1A1B1A	ミラーアナリシス MA EL角度レンジ定義ファイル内容のをファイル転送を行う
1A1B1B	PMA/PMFXS制御時に使用された補正値の読み出しを行う
1A1B1C	計算機で保持しているSM IEC(副鏡器差補正)パラメータを指定された内容に更新する
1A1B1D	計算機で保持しているPMA/PMFXS IEC (アクチュエータ器差補正)パラメータを指定された内容に更新する
1A1B1E	ミラーアナリシスシミュレーション結果ファイルを要求元へ転送する
1A1B1F	"PMA/PMFXS IECパラメータ,SM IECパラメータを算出し、ファイルに格納する"
1A1B20	TSCで保持しているミラーアナリシス結果ファイルのリスト一覧を参照する
1A1B21	鏡面検査を一回だけ行い、その結果からZERNIKE係数及びPMA補正力及び副鏡駆動補正量を計算するコマンド
1A1B22	MA鏡面検査補正力のオフセット値をクリアするコマンド
1A1B23	オフアクシスSHで得られたデータより副鏡の誤差算出を行う
1A1B24	鏡面検査を一回だけ行い、その結果からZERNIKE係数及びPMA補正力を計算するコマンド
1A1B25	主焦点のAG/SHピックアップ鏡がHalfの時に、ミラーアナリシス実行時のローテータの回転数を設定するコマンド
1A1B26	主焦点のAG/SHピックアップ鏡がHalfの時のミラーアナリシスで、SHからMLP2に分割される鏡面検査結果を削除するコマンド
1A1B27	主焦点のAG/SHピックアップ鏡がHalfの時のミラーアナリシスで、SHからMLP2に分割される鏡面検査結果を参照するコマンド
1B1001	指定された参照星を用いてのオートガイドを開始又は停止する
1B1002	ドーム上部の照明を消灯する
1B1007	天体追尾装置･鏡面検査装置のθ回転を望遠鏡のAZ/ELに連動させ駆動するか否かの設定を行う
1B1008	時刻装置の運用系統の選択設定を行う
1B1009	MLP1内の高速ガイド信号を指定されたガイダに切り替える
1B100B	 チョッピング時の方向を制御するモードの設定を行う。モードにはα/δモードとAZ/ELモードの2種類がある
1B100C	オートガイドモードを設定する（非恒星追尾用)
1B100D	重心検出範囲1の基準位置オフセット値を基準位置に加算する。
1B100E	重心検出範囲1の基準位置に対してオフセットを設定する。
1B2001	シャックハルトマンテストを行う
1B2002	指定されたPMAに対しアラームリセット要求を行う
1B2003	ミラーアナリシス補正時に使用するツェルニケ係数の入力元種類を設定する
1B2004	現在MLP2で保持しているZernike係数オフセットを用いて副鏡及びアクチュエータへの補正値の算出要求を行うコマンドである
1B2005	主鏡能動支持制御(ミラーサポート)モードを開始又は停止する
1B2006	各Zernike係数1μmあたりの補正力は決まっている。この各Zernike係数1μmあたりの補正力をTSC経由で取得するコマンドである
1B2007	MLP2で保持しているZernike係数オフセットより算出された副鏡、アクチュエータの補正値を取得する
1B2008	観測装置とAGの設置場所が異なることにより生じる焦点ずれを補正するためのオフセットを設定するコマンドである
1B2009	主鏡能動支持機構(PMA)の支持力指令値算出時に、A４０を使用するか否かの設定を行う
1B200C	ミラーアナリシス(鏡面検査結果)により得られた補正を主鏡能動支持力への加算のONまたはOFFを設定する
1B200D	温度変化による副鏡ずれを自動調整する機能のON/OFF設定を行う
1B200E	MLP2がTSCへ送出しているアクチュエータ指令値出力種類の選択を行う
1B200F	"副鏡駆動指令値算出時に使用するパラメータ(U,V,Z)のオフセット設定を行う"
1B2010	"副鏡駆動指令値算出時に使用する中性点パラメータ(U’,V’)のオフセット設定を行う"
1B2011	副鏡リンクリセットを行なうための対SMCU焦点変更要求を行なう。
1B2012	
1B2014	Zernike係数にオフセットを設定するためのコマンドである
1B2016	Zernike係数の全項のオフセットを”0”に設定する
1B2017	固定点支持機構からの固定点反力を主鏡能動支持機構指令値へフィードバックするか否かの設定を行う
1B2018	
1B2019	主鏡能動支持指令値算出時に、主鏡器差補正値を加算するか否かを設定する
1B2020	主鏡能動支持のてこ重量を算出する
1B2028	指定されたPMAのドライブをONまたはOFFする
1B2029	指定されたPMAの制御モードを指定されたモードに設定する
1B202A	指定されたPMAの検出モードを指定されたモードに設定する
1B202B	指定されたPMAの使用補正値の種類を設定する
1B202E	
1B202F	PMAの位置制御時に使用している位置制御校正値の算出を行う
1B2030	PMAの位置制御時に使用している位置制御校正値の参照を行う
1B2031	PMAの一括駆動停止を行う
1B2032	PMAの一括Drive ONを行う
1B2033	"MLP2で算出しているPMA,PMFXSの力検出値合計算出方法を要求のあった方法に設定する。PMA,PMFXS力検出値合計算出方法には、PMAはソケット重量が、PMFXSは固定点自重を含める場合と、含めない場合の2通りがある"
1B2034	予め格納されている指定された2つのファイルの相対値(差)を算出し、指定されたファイルに格納する
1B2035	要求のあったタイミングでの各PMAの検出値を指定されたファイルに格納する
1B2036	PMAのダウンリミット検知の開始又は停止を行う
1B2037	主鏡つり込みのPMAダウンリミット検知位置から主鏡待ち位置までの相対駆動位置情報を格納しておくファイルを指定された内容に変更する
1B2038	PMAの検出モードが位置検出モード(POSN)の場合、検出値に対して、位置校正値を行うか、行わないかの指定を行う
1B2039	TSCが管理している主鏡つり込み等のPMA位置情報を格納したファイルのリスト参照を行う
1B203A	TSCが管理している主鏡つり込み等のPMA位置情報を格納したファイルのリスト参照を行う
1B203B	副鏡を架台のEL角に従って駆動制御を行う連動モード、現在の架台EL角とは独立し、オペレータからの指令に従って駆動を行う非連動モードの設定を行う
1B203C	TSCが保持しているPMA位置情報ファイルの参照を行う
1B203D	MLP2で行っているインターロックチェックの設定/解除を行う
1B203E	MLP2で行っているインターロックチェックの設定/解除状況を参照する
1B203F	指定された主鏡能動支持機構(Actuator)に対して指定した指令値の制御を行う
1B2040	リミットが発生しているPMAのリミット解除を行う
1B2101	MLP2起動時に必要な情報の転送を行う
1B2102	PMAソフトウエアのダウンロードを行う
1B2106	主鏡能動支持制御中でのPMA故障発生時のモードを設定する
1B2107	指定されたPMAが保持している補正値の読み出しを行う
1B2108	指定された主鏡能動支持機構(Actuator)に対して指定した指令値の制御を行う
1B2109	PMAのダウンリミット検知を行う
1B210A	副鏡のＸ軸、Ｙ軸、Ｚ軸、θx回転、θｙ回転、θｚ回転のオフセット位置を指定するコマンド
1B210B	MA鏡面検査補正力のオフセット値に前回測定したSH TESTにより計算したPMA鏡面検査補正力を加算するコマンド
1B210C	鏡面検査の結果からPMA鏡面検査補正力を計算するコマンド
1B210E	PIRユニット-ELの連動/非連動モードの設定を行なう。
1B210F	PIRユニットのZオフセット設定要求を行なう。
1B2110	PIRユニットの焦点自動調整On/Off設定を行なう。
1B2111	HSCSHが保持している基準位置の転送要求を行う。
1B3001	制御棟の排熱ファン1(EHF-1)のON/OFF設定を行う
1B3002	制御棟の排熱ファン1(EHF-2)のON/OFF設定を行う
1B3003	制御棟の排気ファン4/吸気ファン2(EF-4/SF-2)のON/OFF設定を行う
1B3004	制御棟の排気ファン5/吸気ファン3(EF-5/SF-3)のON/OFF設定を行う
1B3005	制御棟の排気ファン3(EF-3)のON/OFF設定を行う
1B3006	制御棟の排気ファン1/2/吸気ファン1(EF-1/2/SF-2)のON/OFF設定を行う
1B3007	制御棟の加湿器1(HU-1)のON/OFF設定を行う
1B3008	制御棟のダクトヒータ1(AEH-1)のON/OFF設定を行う
1B3009	ドーム下部の排気ファン1/吸気ファン2(EF-1/SF-1)のON/OFF設定を行う
1B300A	ドーム下部の排気ファン2/吸気ファン2(EF-2/SF-2)のON/OFF設定を行う
1B300B	ドーム1Fの排気ファン3(EF-3)のON/OFF設定を行う
1B300C	デマンド制御の可能/不可能の設定を行う
1B300D	制御棟3Fルームブザー鳴動のOn/Off設定を行う
1B300E	
1B300F	停電時の観測装置切替許可、ドームHeコンプレッサ停止要求、望遠鏡制御装置への電源供給制限要求を行うコマンドである
901001	ドームの回転角を設定する
901002	ドームのモードをPOSNモードに設定する
901003	
901004	
901005	
901006	
901007	ドームをDRIVE ONする
901008	ドームをDRIVE OFFする
901009	ドームをSYNCモードに設定する
901010	
901011	
901012	
902001	 架台AZ軸の指令角度を設定する
902002	 架台EL軸の指令角度を設定する
902003	
902004	
902005	 架台AZ軸の追尾誤差を設定する
902006	 架台EL軸の追尾誤差を設定する
902007	 架台の駆動モードをPOINTモードに設定する
902008	 架台の駆動モードをOPEN TRACKモードに設定する
902009	 架台の駆動モードをAUTO GUIDEモードに設定する
902010	
902011	
902012	 架台AZ軸をDRIVE ONする
902013	 架台AZ軸をDRIVE OFFする
902014	 架台EL軸をDRIVE ONする
902015	 架台EL軸をDRIVE OFFする
902016	
902017	 架台AZ軸のFIX位置駆動への駆動を要求する
902018	 架台EL軸のSTOW位置駆動への駆動を要求する
902019	 架台AZ軸のFIXピンをONする
902020	 架台AZ軸のFIXピンをOFFする
902021	 架台EL軸のSTOWピンをONする
902022	 架台EL軸のSTOWピンをOFFする
902023	
902024	 架台のアラームストップをリセットする
902025	 架台をSYNCモードに設定する
902026	
902027	
902028	
902029	 架台AZ軸のABSエンコーダをINIT PROCに設定する
902030	 架台AZ軸のABSエンコーダをREF PROCに設定する
902031	
902032	 架台AZ軸のABSエンコーダをCOMPEN RUN PROCに設定する
902033	
902034	 架台EL軸のABSエンコーダをINIT PROCに設定する
902035	 架台EL軸のABSエンコーダをREF PROCに設定する
902036	
902037	 架台EL軸のABSエンコーダをCOMPEN RUN PROCに設定する
902038	
903001	 副鏡X軸の指令値を設定する
903002	 副鏡Y軸の指令値を設定する
903003	 副鏡Z軸の指令値を設定する
903004	 副鏡θx軸の指令値を設定する
903005	 副鏡θy軸の指令値を設定する
903006	 副鏡L1位置の指令値を設定する
903007	 副鏡L2位置の指令値を設定する
903008	 副鏡L3位置の指令値を設定する
903009	 副鏡L4位置の指令値を設定する
903010	 副鏡L5位置の指令値を設定する
903011	 副鏡L6位置の指令値を設定する
903012	 副鏡の駆動モードをLINKモードに設定する
903013	 副鏡DPA1 POWERをONする
903014	 副鏡DPA1 POWERをOFFする
903015	 副鏡DPA2 POWER をONする
903016	 副鏡DPA2 POWER をOFFする
903017	 副鏡の駆動モードをSPモードに設定する
903018	 副鏡θz軸の指令値を設定する
903019	 副鏡のSP駆動系をDRIVE ONする
903020	 副鏡のSP駆動系をDRIVE OFFする
903021	 副鏡L1駆動をDRIVE ONする
903022	 副鏡L1駆動をDRIVE OFFする
903023	 副鏡L2駆動をDRIVE ONする
903024	 副鏡L2駆動をDRIVE OFFする
903025	 副鏡L3駆動をDRIVE ONする
903026	 副鏡L3駆動をDRIVE OFFする
903027	 副鏡L4駆動をDRIVE ONする
903028	 副鏡L4駆動をDRIVE OFFする
903029	 副鏡L5駆動をDRIVE ONする
903030	 副鏡L5駆動をDRIVE OFFする
903031	 副鏡L6駆動をDRIVE ONする
903032	 副鏡L6駆動をDRIVE OFFする
903033	 副鏡NORMALモードを設定する
903034	
903035	
903036	
903037	
903038	
903039	
903040	
903041	
903042	 副鏡LINK RESETを設定する
903043	
903044	 副鏡L/Sコンバータ1をPOWER ONする
903045	 副鏡L/Sコンバータ1をPOWER OFFする
903046	 副鏡L/Sコンバータ2をPOWER ONする
903047	 副鏡L/Sコンバータ2をPOWER OFFする
903048	HSCユニットの6本ジャッキをトップユニット交換可能な位置への駆動要求を行う。
904001	 ロテータ回転角の指令値を設定する
904002	 ロテータABSエンコーダINIT PROCを設定する
904003	 ロテータABSエンコーダREF PROCを設定する
904004	
904005	
904006	
904007	
904008	
904009	
904010	 ロテータREALモードを設定する
904011	
904012	
904013	 ロテータをDRIVE ONする
904014	 ロテータをDRIVE OFFする
904015	
904016	
904017	 ロテータCS焦点に設定する
904018	 ロテータNSIR焦点に設定する
904019	 ロテータNSOP焦点に設定する
904020	 イメージロテータミラー青用を設定する
904021	 イメージロテータミラー赤用を設定する
904022	 イメージロテータミラー無しを設定する
904023	 イメージロテータ切換停止を設定する
904024	
904025	
904026	
904027	
904028	 ロテータPOSNモードを設定する
904029	
904030	
904031	
904032	
904033	
904034	
904035	
904036	
904037	
904038	
904039	
904040	
904041	 大気分散補正回転角の指令値を設定する
904042	 大気分散補正REALモードを設定する
904043	
904044	
904045	
904046	
904047	
904048	
904049	
904050	 大気分散補正POSNモードを設定する
904051	
904052	
904053	 大気分散補正系をDRIVE ONする
904054	 大気分散補正をDRIVE OFFする
904055	
904056	
904057	 大気分散補正CS焦点を設定する
904058	 大気分散補正NSOP焦点を設定する
904059	 大気分散補正系を設定する
904060	
904061	 大気分散補正系無し選択を設定する
904062	 大気分散補正大気分散補正系切換停止を設定する
904063	
904064	
904065	
904066	
906001	 ＡＧ画像データ取得 をONする
906002	 ＡＧ画像データ取得 をOFFする
906003	 ＡＧCDDシャッタOPENを設定する
906004	 ＡＧCDDシャッタCLOSEを設定する
906005	 ＡＧ露出時間を設定する
906006	 画像データ取得範囲を設定する
906007	 天体位置検出範囲1を設定する
906008	 天体位置検出範囲2を設定する
906009	 重心検出エリア1においてAGで検出された重心位置を基準位置とする要求を行う
906010	 重心検出エリア1においてAGで検出された重心位置を基準位置とする要求を行う
906011	 CDDスレッショルド1を設定する
906012	 ＡＧで誤差検出を行う時の基準位置を設定する
906013	
906014	 ＡＧの重心位置検出時のモードを重心位置検出モードに設定する
906015	 ＡＧの重心位置検出時のモードをバイセクションモードに設定する
906016	 ＡＧの重心位置検出時のモードをピーク検出モードに設定する
906017	 ビンニングパターンを設定する
906018	 ＡＧで誤差検出を行う時の基準位置を設定する
906019	 天体位置1検出開始を設定する
906020	 天体位置1検出停止を設定する
906021	 天体位置2検出開始を設定する
906022	 天体位置2検出停止を設定する
906023	 PF焦点を設定する
906024	
906025	 CS焦点を設定する
906026	 NSIR焦点を設定する
906027	 NSOP焦点を設定する
906028	 スカイデータ使用に設定する
906029	 スカイデータを未使用に設定する
906030	 ダークデータを使用に設定する
906031	 ダークデータを未使用に設定する
906032	 フラットデータを使用に設定する
906033	 フラットデータを未使用に設定する
906034	 露出回数を設定する
906035	 ＡＧ絞り挿入を設定する
906036	 スカイデータ取得開始を設定する
906037	 スカイデータ取得を停止に設定する
906038	 ダークデータ取得開始を設定する
906039	 ダークデータ取得を停止に設定する
906040	 フラットデータ取得開始を設定する
906041	 フラットデータ取得停止を設定する
906042	 PMダイアフラムを開設定する
906043	 PMダイアフラムを閉に設定する
906044	 ＡＧがバイセクションモードで重心位置検出時に使用する星像サイズの設定を行なう
906045	 ＡＧでTip-Tilt用に重心検出を行っているときに使用しているCCDしきい値を設定する
906046	
906047	 ＡＧがバイセクションモードで重心位置検出時に使用する星像サイズの設定を行なう
906048	 NORMALモードに設定する
906049	 自動 CDDリミットをONする
906050	 自動 CDDリミットをOFFする
906051	 ＡＧでTip-Tilt用重心検出を行うときの露出時間を設定する
906052	
906053	
906054	
906055	
906056	 ＡＧで行っている画像データ取得モードをAuto Guide用モードに設定する
906057	 ＡＧで行っている画像データ取得モードをTip-Tilt用モードに設定する
906058	
906059	
906060	
906061	
906062	
906063	
906064	
906065	
906066	
906067	 スカイデータOBS転送を設定する
906068	 スカイデータ TSW1転送を設定する
906069	 スカイデータTSW2転送を設定する
906070	 ダークデータOBS転送を設定する
906071	 ダークデータTSW1転送を設定する
906072	 ダークデータTSW2転送を設定する
906073	 フラットデータOBS転送を設定する
906074	 フラットデータTSW1転送を設定する
906075	 フラットデータTSW2転送を設定する
906076	
906077	
906078	
906079	
906080	
906081	
906082	
906083	AG PROCのリセットを行なう。
906084	
906085	
906086	
906087	
906088	
906089	
906090	
906091	 ＡＧで取得した画像データのOBSへの出力を開始する
906092	 ＡＧで取得した画像データのOBSへの出力を停止する
906093	 TWS1向け画像データ出力開始を設定する
906094	 TWS1向け画像データ出力停止を設定する
906095	 TWS2向け画像データ出力開始を設定する
906096	 TWS2向け画像データ出力停止を設定する
906097	 ＡＧで取得した画像データのOBSへの出力間隔を設定する
906098	 TWS1向け画像データ出力間隔を設定する
906099	 TWS2向け画像データ出力間隔を設定する
906100	 CCD読み出しアンプゲインを高に設定する
906101	 CCD読み出しアンプゲインを低に設定する
906102	 ＡＧカメラ初期化を設定する
906103	 ＡＧで画像データ読み出し時のCCD読み出し速度を高速に設定する
906104	 ＡＧで画像データ読み出し時のCCD読み出し速度を中速に設定する
906105	Ｇで画像データ読み出し時のCCD読み出し速度を低速に設定する
906106	 CCDスレッショルド2を設定する
906107	バイセクション用の基準位置オフセットXを設定する.
906108	バイセクション用の基準位置オフセットYを設定する.
907001	 視野指令位置を設定する
907002	
907003	 ＳＶカメラ初期化を設定する
907004	 カメラシャッターOPENを設定する
907005	 カメラシャッターCLOSEを設定する
907006	 画像データ取得をONする
907007	 画像データ取得をOFFする
907008	 ビンニングパターンを設定する
907009	 CCD読み出しアンプゲインを高に設定する
907010	 CCD読み出しアンプゲインを低に設定する
907011	 露出時間を設定する
907012	 フィルタを設定する
907013	 CS焦点に設定する
907014	 NSOP焦点に設定する
907015	
907016	
907017	
907018	
907019	
907020	
907021	 画像データ取得範囲を設定する
907022	
907023	 ＳＶで取得した画像データのOBSへの出力を開始する
907024	 ＳＶで取得した画像データのOBSへの出力を停止する
907025	 TSW1向け画像データ転送開始に設定する
907026	 TSW1向け画像データ転送停止に設定する
907027	 TSW2向け画像データ転送開始に設定する
907028	 TSW2向け画像データ転送停止に設定する
907029	CS焦点シャッタ駆動電源をONする
907030	 CS焦点シャッタ駆動電源をOFFする
907031	 NSOP焦点シャッタ駆動電源をONする
907032	 NSOP焦点シャッタ駆動電源をOFFする
907033	 ＳＶの画像データ読み出し時のCCD読み出し速度を高速に設定する
907034	 ＳＶの画像データ読み出し時のCCD読み出し速度を中速に設定する
907035	 ＳＶの画像データ読み出し時のCCD読み出し速度を低速に設定する
907036	 ＳＶで取得した画像データのOBSへの出力間隔を設定する
907037	 画像データTWS1出力間隔を設定する
907038	 画像データTWS2出力間隔を設定する
907039	 CS焦点駆動電源をONする
907040	CS焦点駆動電源をOFFする
907041	 NSOP焦点駆動電源をONする
907042	 NSOP焦点駆動電源をOFFする
907043	 ＳＶで誤差検出を行う時の基準位置を設定する
907044	 ＳＶで誤差検出を行う時の基準位置を設定する
907045	
907046	
907047	
907048	
907049	 自動 CDDリミットをONする
907050	 自動 CDDリミットをOFFする
907051	
907052	
907053	
907054	
907055	
907056	
907057	
907058	
907059	
907060	
907061	
907062	
907063	
907064	
907065	
907066	
907067	
907068	
907069	
907070	
907071	
907072	
907073	
907074	
907075	
907076	
907077	
907078	
907079	
907080	
907081	
907082	
907083	
907084	
907085	
907086	
907087	
907088	
907089	
907090	
907091	
907093	
907093	
907094	
907095	
907096	
907097	
907098	
907099	
907100	
907101	
907102	
907103	
907104	
907105	
907106	
907107	 天体位置1検出範囲を設定する
907108	 天体位置2検出範囲を設定する
907109	 天体位置1を設定する
907110	 天体位置2を設定する
907111	 CCDスレッショルド1を設定する
907112	
907113	
907114	 重心検出モードに設定する
907115	
907116	 ピーク画素検出モードに設定する
907117	スリットガイドモードに設定する。
907118	
907119	 天体位置1検出開始を設定する
907120	 天体位置1検出停止を設定する
907121	 天体位置2検出開始を設定する
907122	 天体位置2検出停止を設定する
907123	スリット中心位置を設定する。
907124	スリット方向を設定する。
907125	スリット幅を設定する。
907126	スリット検出モード時に使用する星像サイズを設定する。
907127	
907128	 ＳＶスカイデータ使用を設定する
907129	 ＳＶスカイデータ未使用を設定する
907130	 ＳＶダークデータ使用を設定する
907131	 ＳＶダークデータ未使用を設定する
907132	 ＳＶフラットデータ使用を設定する
907133	 ＳＶフラットデータ未使用を設定する
907134	 露出回数を設定する
907135	
907136	 ＳＶスカイデータ取得開始を設定する
907137	 ＳＶスカイデータ取得停止を設定する
907138	 ＳＶダークデータ取得開始を設定する
907139	 ＳＶダークデータ取得停止を設定する
907140	 ＳＶフラットデータ取得開始を設定する
907141	 ＳＶフラットデータ取得停止を設定する
907142	
907143	
907144	
907145	
907146	
907147	 ＳＶ天体1星像サイズデフォルトを設定する
907148	
907149	
907150	
907151	
907152	
907153	
907154	
907155	
907156	
907157	
907158	
907159	
907160	
907161	
907162	
907163	
907164	
907165	
907166	
907167	 ＳＶスカイデータ OBS転送を設定する
907168	 ＳＶスカイデータ TWS1転送を設定する
907169	 ＳＶスカイデータ TWS2転送設定する
907170	 ＳＶダークデータ OBS転送を設定する
907171	 ＳＶダークデータ TWS1転送を設定する
907172	 ＳＶダークデータ TWS2転送を設定する
907173	 ＳＶフラットデータ OBS転送を設定する
907174	 ＳＶフラットデータ TWS1転送を設定する
907175	 ＳＶフラットデータ TWS2転送を設定する
907176	
907177	
907178	
907179	
907180	
907181	
907182	
907183	
907184	
907185	
907186	
907187	
907188	
907189	
907190	
907191	
907192	
907193	
907194	
907195	
907196	
907197	
907198	
907199	
907200	
907201	
907202	
907203	
907204	
907205	
907206	 ＳＶCCDスレッショルド2を設定する
909001	CD読み出しアンプゲインを高に設定する
909002	 CCD読み出しアンプゲインを低に設定する
909003	
909004	
909005	
909006	 焦点をPF焦点に設定する
909007	
909008	 焦点をCS焦点に設定する
909009	 焦点をNSIR焦点に設定する
909010	 焦点をNSOP焦点に設定する
909011	 露出回数を設定する
909012	 露出時間を設定する
909013	 画像データ取得をONする
909014	 画像データ取得を停止する
909015	 CCDスレッショルド1を設定する
909016	 OBSに対するＳＨ画像データの出力間隔を設定する
909017	 TWS1に対するＳＨ画像データの出力間隔を設定する
909018	 TWS2に対するＳＨ画像データの出力間隔を設定する
909019	 スカイデータ使用を設定する
909020	 スカイデータ未使用を設定する
909021	 ダークデータ使用を設定する
909022	 ダークデータ未使用を設定する
909023	 基準スポット検出要求をONする
909024	 基準スポット検出要求をOFFする
909025	 スポット位置検出開始を設定する
909026	 スポット位置検出停止を設定する
909027	 スポット位置転送要求を設定する
909028	 スカイデータ取得開始を設定する
909029	 スカイデータ取得停止を設定する
909030	 ダークデータ取得開始を設定する
909031	 ダークデータ取得停止を設定する
909032	 PF焦点用の参照光源をONする
909033	 PF焦点用の参照光源をOFFする
909034	
909035	
909036	 スカイデータ OBS転送を設定する
909037	 スカイデータ TWS1転送を設定する
909038	 スカイデータ TWS2転送を設定する
909039	 REFシャッターOPENを設定する
909040	 CCDシャッターOPENを設定する
909041	 ＳＨカメラ初期化を設定する
909042	 REFシャッターCLOSEを設定する
909043	 CCDシャッターCLOSEを設定する
909044	 CS焦点用の参照光源をONする
909045	 CS焦点用の参照光源をOFFする。
909046	 ＳＨ参照光源電圧を設定する
909047	
909048	
909049	 AUTO PAIRING要求を設定する
909050	
909051	
909052	 AUTO PAIRINGデータ転送要求を設定する
909053	 ダークデータOBS転送を設定する
909054	 ダークデータTWS1転送を設定する
909055	 ダークデータTWS2転送を設定する
909056	
909057	
909058	 ロテータ角度を設定する
909059	 ビンニングパターンを設定する
909060	 OBS向け画像データ転送開始を設定する
909061	 OBS向け画像データ転送停止を設定する
909062	 TWS1向け画像データ転送開始を設定する
909063	 TWS1向け画像データ転送停止を設定する
909064	 TWS2向け画像データ転送開始を設定する
909065	 TWS2向け画像データ転送停止を設定する
909066	 スポットずれ演算元をSHに設定する。
909067	 スポットずれ演算元をVGWに設定する。
909068	
909069	
909070	
909071	
909072	
909073	
909074	
909075	
909076	
909077	 バックグラウンド平均値除去モードをYESに設定する。
909078	 バックグラウンド平均値除去モードをNOに設定する。
909079	 NSIR焦点用の参照光源をONする
909080	 NSIR焦点用の参照光源をOFFする
909081	 NSOP焦点用の参照光源をONする
909082	 NSOP焦点用の参照光源をOFFする
909083	SH/SV PROCをリセットする。
909084	 PF焦点シャッター電源をONする
909085	 PF焦点シャッター電源をOFFする
909086	
909087	
909088	 CS焦点シャッター電源をONする
909089	 CS焦点シャッター電源をOFFする
909090	 NSOP焦点シャッター電源をONする
909091	 NSOP焦点シャッター電源をOFFする
909092	 NSIR焦点シャッター電源をONする
909093	 NSIR焦点シャッター電源をOFFする
90A001	 ドーム側排熱装置のファンをONする
90A002	 ドーム側排熱装置のファンをOFFする
90A003	 排熱調整循環モードを(昼)モードに設定する
90A004	 ドーム側排熱装置排熱調整循環(夜)モードを設定する
90A005	 ドーム側排熱装置霜取りをONする
90A006	 ドーム側排熱装置霜取りをOFFする
90A007	 霜取り自動モードを設定する
90A008	 ドーム側排熱装置冷却水ONする
90A009	 ドーム側排熱装置冷却水をOFFする
90A010	
90A011	 ドーム側排熱装置冷却水をAutoにする
90A012	 ドーム側排熱装置ファン回転数を高に設定する
90A013	 ドーム側排熱装置ファン回転数を低に設定する
90D001	 ｒ方向駆動の指令値を設定する
90D002	 θ方向駆動の指令値を設定する
90D003	
90D004	
90D005	 焦点をCS焦点に設定する
90D006	 焦点をNSOP焦点に設定する
90D007	 焦点をNSIR焦点に設定する
90D008	ｒ軸駆動系をDRIVE ONする
90D009	 ｒ軸駆動系 をDRIVE OFFする
90D010	θ軸駆動系をDRIVE ONする
90D011	 θ軸駆動系をDRIVE OFFする
90D012	 駆動モードをPOSNモードに設定する
90D013	
90D014	
90D015	
90D016	
90D017	
90D018	
90D019	 ｒ軸ABSエンコーダ INIT PROCを設定する
90D020	 ｒ軸ABSエンコーダ REF PROCを設定する
90D021	
90D022	 θ軸ABSエンコーダ INIT PROCを設定する
90D023	 θ軸ABSエンコーダ REF PROCを設定する
90D024	
90D025	 駆動モードを CMDモードに設定する
90D026	 駆動モードをPOSN（MOUNT REAL SYNC）モードに設定する
90E001	 スキャン駆動の指令値を設定する
90E002	 較正用光源ホロカソードランプ1の電流指定を行う
90E003	 較正用光源ホロカソードランプ2の電流指定を行う
90E004	 較正用光源ハロゲンランプ1の電流指定を行う
90E005	 較正用光源ハロゲンランプ2の電流指定を行う
90E006	 希ガスランプ１への電流指令値を設定する
90E007	 希ガスランプ２への電流指令値を設定する
90E008	 PF1(Rear)焦点を設定する
90E009	 PF2(Front)焦点を設定する
90E010	 CS焦点を設定する
90E011	 NSIR焦点を設定する
90E012	 NSOP焦点を設定する
90E013	 動作モードをNORMALモードに設定する
90E014	 動作モードを自己診断モードに設定する
90E015	 テストパーンを設定する
90E016	 較正用光源スキャン駆動をDRIVE ONする
90E017	 スキャン駆動をDRIVE OFFする
90E018	 スキャン退避駆動を設定する
90E019	 較正用光源ホロカソードランプ1を選択する
90E020	 較正用光源ホロカソードランプ2を選択する
90E021	 較正用光源ホロカソードランプを退避する
90E022	 較正用光源フィルタターレットAホルダー1を選択する
90E023	 較正用光源フィルタターレットAホルダー2を選択する
90E024	 較正用光源フィルタターレットAホルダー3を選択する
90E025	 較正用光源フィルタターレットAホルダー4を選択する
90E026	 較正用光源フィルタターレットBホルダー1を選択する
90E027	 較正用光源フィルタターレットBホルダー2を選択する
90E028	 較正用光源フィルタターレットBホルダー3を選択する
90E029	 較正用光源フィルタターレットAホルダー4を選択する
90E030	 較正用光源フィルタターレットCホルダー1を選択する
90E031	 較正用光源フィルタターレットCホルダー2を選択する
90E032	 較正用光源フィルタターレットCホルダー3を選択する
90E033	 較正用光源フィルタターレットCホルダー4を選択する
90E034	 較正用光源フィルタターレットDホルダー1を選択する
90E035	 較正用光源フィルタターレットDホルダー2を選択する
90E036	 較正用光源フィルタターレットDホルダー3を選択する
90E037	 較正用光源フィルタターレットDホルダー4を選択する
90E038	 較正用光源ホロカソードランプ1をONする
90E039	 較正用光源ホロカソードランプ1をOFFする
90E040	 較正用光源ホロカソードランプ2をONする
90E041	 較正用光源ホロカソードランプ2をOFFする
90E042	 較正用光源ハロゲンランプ1をONする
90E043	 較正用光源ハロゲンランプ1をOFFする
90E044	 較正用光源ハロゲンランプ2をONする
90E045	 較正用光源ハロゲンランプ2をOFFする
90E046	 較正用光源希ガスランプ1をONする
90E047	 較正用光源希ガスランプ1をOFFする
90E048	 較正用光源希ガスランプ2をONする
90E049	 較正用光源希ガスランプ2をOFFする
90E050	 校正用光源シャッターをOPENする
90E051	 校正用光源シャッターをCLOSEする
90E052	 校正用光源ランプの冷却ファン作動を設定する
90E053	 校正用光源ランプの冷却ファン停止を設定する
90E054	
90E055	
90E056	
90E057	エンコーダ原点設定動作を設定する
90E058	主焦点用フィルタの退避要求を行う。
90E059	主焦点用フィルタの挿入要求を行う。
924001	
924002	
924003	
924004	
924005	
924006	 PM/TMカバーOPENを設定する
924007	 PM/TMカバーCLOSEを設定する
924008	 PM/TMカバー開閉停止を設定する
924009	
924010	 セルカバーの開閉を停止する
924011	 セルカバーOPENを設定する
924012	 セルカバーCLOSEを設定する
924013	
924014	
924015	
924016	
924017	 PM/TM全選択を設定する
924018	 主鏡上部カバー全選択を設定する
924019	 カバー制御装置カバーU-1A選択を設定する
924020	
924021	 カバーU-1B選択を設定する
924022	
924023	 カバー制御装置カバーU-2A選択を設定する
924024	
924025	 カバーU-2B選択を設定する
924026	
924027	 カバー制御装置カバーU-3A選択を設定する
924028	
924029	 カバーU-3B選択を設定する
924030	
924031	 カバーU-3C選択を設定する
924032	
924033	 カバーU-3D選択を設定する
924034	
924035	 主鏡下部カバー全選択を設定する
924036	 カバーL-A選択を設定する
924037	
924038	 カバーL-B選択を設定する
924039	
924040	 カバーL-C選択を設定する
924041	
924042	 カバーL-D選択を設定する
924043	
924044	 第3鏡カバー全選択を設定する
924045	 カバーU-1A-1選択を設定する
924046	 カバー制御装置カバーU-1B-1選択を設定する
924047	 カバー制御装置カバーU-2A-1選択を設定する
924048	 カバーU-2B-1選択を設定する
924049	 カバーU-3A-1選択を設定する
924050	 カバーU-3B-1選択を設定する
924051	 カバーU-3C-1選択を設定する
924052	 カバーU-3D-1選択を設定する
924053	 TMカバー選択を設定する
925001	 赤外用第3鏡セットを設定する
925002	 赤外用第3鏡格納を設定する
925003	 光学用第3鏡セットを設定する
925004	 光学用第3鏡格納を設定する
925005	
925006	
925007	
925008	
925009	
925010	 第3鏡赤外用挿入／退避駆動を停止する
925011	 第3鏡光学用挿入／退避駆動を停止する
927001	 バランス調整ポイントの指令値を設定する
927002	
927003	
927004	
927005	
927006	
927007	 AUTOモードを設定する
927008	 POSNモードを設定する
927009	
927010	 バランス調整開始を設定する
927011	 バランス調整停止を設定する
927012	
927013	
927014	
927015	
927016	
927017	
927018	
927019	
927020	
927021	
927022	
927023	
927024	
927025	 最終ポイントバランス調整要求を設定する
928001	 TIP-TILTに対し、チョッピング周波数を設定する
928002	 TIP-TILTに対し、チョッピング振幅を設定する
928003	 TIP-TILTの回転位置を設定する
928004	 TIP-TILTに対し、チョッピングモード時のゼロバイアス値を設定する
928005	 TIP-TILTに対し、振幅オフセットマイナスモードを設定する
928006	 TIP-TILTに対し、振幅オフセットゼロモードを設定する
928007	 TIP-TILTに対し、振幅オフセットプラスモードを設定する
928008	 TIP-TILTをDRIVE ONする
928009	 TIP-TILTをDRIVE OFFする
928010	 TIP-TILTをチョッピングモードに設定する
928011	 TIP-TILTをティップティルトモードに設定する
928012	 振動副鏡のモードをポジションモードに設定する
928013	
928014	
928015	
928016	
928017	
928018	 振動副鏡のθXの指令値を設定する
928019	 振動副鏡のθYの指令値を設定する
928020	 振動副鏡のZの指令値を設定する
928021	 振動副鏡のチョピングパターンとして1を設定する
928022	 振動副鏡のチョピングパターンとして2を設定する
928023	 振動副鏡のチョピングパターンとして3を設定する
928024	 振動副鏡でチョッピング時に使用する同期信号として内部信号を使用する
928025	 振動副鏡でチョッピング時に使用する同期信号として外部信号を使用する
928026	 チョッピングを開始する
928027	 チョッピングを停止する
928028	 振動副鏡の反力補償機構用Zの指令値を設定する
929001	 静圧軸受けの油温度を設定する
929002	 静圧軸受けの制御開始を設定する
929003	 静圧軸受け制御停止を設定する
930001	 ウィンドスクリーン位置の指令値を設定する
930002	 前部トップスクリーン位置の指令値を設定する
930003	 後部トップスクリーン位置の指令値を設定する
930004	 前部ベンチレータ位置の指令値を設定する
930005	 後部ベンチレータ1位置の指令値を設定する
930006	 後部ベンチレータ2位置の指令値を設定する
930007	 後部ベンチレータ3位置の指令値を設定する
930008	 後部ベンチレータ4位置の指令値を設定する
930009	 側部ベンチレータA位置の指令値を設定する
930010	 側部ベンチレータB位置の指令値を設定する
930011	 側部ベンチレータC位置の指令値を設定する
930012	 側部ベンチレータD位置の指令値を設定する
930013	 シャッターCLOSEを設定する
930014	 シャッターCLOSEを設定する
930015	
930016	 ウィンドスクリーンの駆動系をDRIVE ONする
930017	 ウィンドスクリーン駆動系をDRIVE OFFする
930018	 前部ベンチレータ全OPENを設定する
930019	 後部ベンチレータ1全OPENを設定する
930020	 トップスクリーンの駆動系をDRIVE ONする
930021	 トップスクリーン駆動系をDRIVE OFFする
930022	 後部ベンチレータ2全OPENを設定する
930023	 後部ベンチレータ3全OPENを設定する
930024	 後部ベンチレータ4全OPENを設定する
930025	 側部ベンチレータA全OPENを設定する
930026	
930027	 前部ベンチレータ駆動系をDRIVE OFFする
930028	
930029	
930030	
930031	
930032	 後部ベンチレータ１駆動系をDRIVE OFFする
930033	 後部ベンチレータ２駆動系をDRIVE OFFする
930034	 後部ベンチレータ３駆動系をDRIVE OFFする
930035	 後部ベンチレータ4駆動系をDRIVE OFFする
930036	
930037	 側部ベンチレータA駆動系をDRIVE OFFする
930038	
930039	 側部ベンチレータB駆動系をDRIVE OFFする
930040	
930041	 側部ベンチレータC駆動系をDRIVE OFFする
930042	
930043	 側部ベンチレータD駆動系をDRIVE OFFする
930044	 ベントシャッターOPENを設定する
930045	 ベントシャッターCLOSEを設定する
930046	 赤外ナスミスルーム温度を設定する
930047	 光学ナスミスルーム温度を設定する
930048	 望遠鏡ルーム温度を設定する
930049	 冷却システム1を0Nする
930050	 冷却システム1を0FFする
930051	 ドームローカル制御冷却システム2を0Nする
930052	 冷却システム2を0FFする
930053	 側部ベンチレータB全OPENを設定する
930054	 側部ベンチレータC全OPENを設定する
930055	 ドームシャッターの電源をONする
930056	 ドームシャッターの電源をOFFする
930057	 ウィンドスクリーンの電源をONする
930058	 ウィンドスクリーンの電源をOFFする
930059	 トップスクリーンの電源をONする
930060	 トップスクリーンの電源をOFFする
930061	 トップスクリーン前部/後部駆動モードを選択する
930062	 トップスクリーン前部駆動モードを選択する
930063	 トップスクリーン後部駆動モードを選択する
930064	 照明を全OFFする
930065	 側部ベンチレータD全OPENを設定する
930066	 前部ベンチレータ全CLOSEを設定する
930067	 後部ベンチレータ1全CLOSEを設定する
930068	 後部ベンチレータ2全CLOSEを設定する
930069	 後部ベンチレータ3全CLOSEを設定する
930070	 後部ベンチレータ4全CLOSEを設定する
930071	 側部ベンチレータA全CLOSEを設定する
930072	 側部ベンチレータB全CLOSEを設定する
930073	 側部ベンチレータC全CLOSEを設定する
930074	 側部ベンチレータD全CLOSEを設定する
931001	 駆動機器・観測装置系統の水温を設定する
931002	 主鏡温度制御システムの水温を設定する
932001	全BoltUp Limit駆動要求を設定する。
932002	全Bolt Down Limit駆動要求を設定する。
932003	全Bolt　Up Limit／Down Limit駆動停止要求を設定する。
932004	Bolt1 Up Limit駆動要求を設定する。
932005	Bolt1 Down Limit駆動要求を設定する。
932006	Bolt1 Up Limit/Down Limit駆動停止要求を設定する。
932007	Bolt2 Up Limit駆動要求を設定する。
932008	Bolt2 Down Limit駆動要求を設定する。
932009	Bolt2 Up Limit/Down Limit駆動停止要求を設定する。
932010	Bolt3 Up Limit駆動要求を設定する。
932011	Bolt3 Down Limit駆動要求を設定する。
932012	Bolt3 Up Limit/Down Limit駆動停止要求を設定する。
932013	Bolt4 Up Limit駆動要求を設定する。
932014	Bolt4 Down Limit駆動要求を設定する。
932015	Bolt4 Up Limit/Down Limit駆動停止要求を設定する。
932016	Bolt5 Up Limit駆動要求を設定する。
932017	Bolt5 Down Limit駆動要求を設定する。
932018	Bolt5 Up Limit/Down Limit駆動要求を設定する。
932019	Bolt6 Up Limit駆動要求を設定する。
932020	Bolt6 Down Limit駆動要求を設定する。
932021	Bolt6 Up Limit/Down Limit駆動停止要求を設定する。
932022	Bolt7 Up Limit駆動要求を設定する。
932023	Bolt7 Down Limit駆動要求を設定する。
932024	Bolt7 Up Limit/Down Limit駆動停止要求を設定する。
932025	Bolt8 Up Limit駆動要求を設定する。
932026	Bolt8 Down Limit駆動要求を設定する。
932027	Bolt8 Up Limit/Down Limit駆動要求を設定する。
932028	Bolt9 Up Limit駆動要求を設定する。
932029	Bolt9 Down Limit駆動要求を設定する。
932030	Bolt9 Up Limit/Down Limit駆動停止要求を設定する。
932031	Bolt10 Up Limit駆動要求を設定する。
932032	Bolt10 Down Limit駆動要求を設定する。
932033	Bolt10 Up Limit/Down Limit駆動停止要求を設定する。
932034	Bolt11 Up Limit駆動要求を設定する。
932035	Bolt11 Down Limit駆動要求を設定する。
932036	Bolt11 Up Limit/Down Limit駆動停止要求を設定する。
932037	Bolt12 Up Limit駆動要求を設定する。
932038	Bolt12 Down Limit駆動要求を設定する。
932039	Bolt12 Up Limit/Down Limit駆動停止要求を設定する。
932040	Bolt13 Up Limit駆動要求を設定する。
932041	Bolt13 Down Limit駆動要求を設定する。
932042	Bolt13 Up Limit/Down Limit駆動停止要求を設定する。
932043	Bolt14 Up Limit駆動要求を設定する。
932044	Bolt14 Down Limit駆動要求を設定する。
932045	Bolt14 Up Limit/Down Limit駆動停止要求を設定する。
932046	Bolt15 Up Limit駆動要求を設定する。
932047	Bolt15 Down Limit駆動要求を設定する。
932048	Bolt15 Up Limit/Down Limit駆動停止要求を設定する。
932049	Bolt16 Up Limit駆動要求を設定する。
932050	Bolt16 Down Limit駆動要求を設定する。
932051	Bolt16 Up Limit/Down Limit駆動停止要求を設定する。
932052	欠番
932053	欠番
932054	欠番
932055	欠番
932056	欠番
932057	欠番
932058	欠番
932059	欠番
932060	欠番
932061	欠番
932062	欠番
932063	欠番
932064	欠番
932065	欠番
932066	欠番
932067	欠番
032068	欠番
936001	主焦点ロテータ回転角の指令値を設定する
936002	主焦点ロテータABSエンコーダINIT PROCを設定する
936003	主焦点ロテータABSエンコーダ REF PROCを設定する
936004	
936005	
936006	
936007	
936008	
936009	
936010	主焦点ロテータ駆動をDRIVE ONする
936011	主焦点ロテータ駆動をDRIVE OFFする
936012	
936013	
936014	
936015	
936016	
936017	主焦点ロテータの駆動モードをPOSNモードに設定する
936018	
936019	
936020	
936021	
936022	
936023	
936024	
936025	
936026	
936027	
936028	
936029	
936030	
936031	
936032	
936033	
936034	
936035	
936036	
936037	
936038	
936039	
936040	
936041	主焦点大気分散補正の位置指令値を設定する
936042	主焦点大気分散補正の動作モードをREALモードに設定する
936043	
936044	
936045	
936046	主焦点大気分散補正の駆動モードをPOSNモードに設定する
936047	
936048	
936049	主焦点大気分散補正の駆動系をDRIVE ONする
936050	主焦点大気分散補正の駆動系をDRIVE OFFする
936051	
936052	
936053	
936054	
936055	
937001	主焦点天体追尾・鏡面検査装置のX方向位置の指令値を設定する
937002	主焦点天体追尾・鏡面検査装置のY方向位置の指令値を設定する
937003	主焦点天体追尾・鏡面検査装置のZ方向位置の指令値を設定する
937004	
937005	
937006	主焦点天体追尾・鏡面検査装置のX方駆動系をDRIVE ONする
937007	主焦点天体追尾・鏡面検査装置のX方駆動系をDRIVE OFFする
937008	主焦点天体追尾・鏡面検査装置のY方駆動系をDRIVE ONする
937009	主焦点天体追尾・鏡面検査装置のY方駆動系をDRIVE OFFする
937010	主焦点天体追尾・鏡面検査装置のZ方駆動系をDRIVE ONする
937011	主焦点天体追尾・鏡面検査装置のZ方駆動系をDRIVE OFFする
937012	主焦点天体追尾・鏡面検査装置の駆動モードをPOSNモードに設定する
937013	
937014	
937015	
937016	
937017	
937018	
937019	
937020	主焦点天体追尾・鏡面検査装置のエンコーダINI PROCを設定する
937021	主焦点天体追尾・鏡面検査装置のX軸エンコーダREF PROCを設定する
937022	
937023	
937024	主焦点天体追尾・鏡面検査装置のY軸エンコーダREF PROCを設定する
937025	
937026	
937027	主焦点天体追尾・鏡面検査装置のZ軸エンコーダREF PROCを設定する
937028	
937029	
937030	
93B001	 PIR AG for SH(AG1)カメラで誤差検出を行う時の基準位置を設定する。
93B002	 PIR AG for SH(AG1)画像データ取得 をONする。
93B003	 PIR　AG for SH(AG1)画像データ取得 をOFFする。
93B004	 PIR AG for SH(AG1)重心検出 をONする。
93B005	 PIR　AG for SH(AG1)重心検出をOFFする。
93B006	 PIR　AG for SH(AG1)露出時間を設定する。
93B007	 PIR　AG for SH(AG1)　CDDスレッショルドを設定する。
93B008	 PIR AG for SH(AG1)ビンニングパターンを設定する。
93B009	 PIR　AG for SH(AG1)画像データ取得範囲を設定する。
93B010	 PIR　AG for SH(AG1)重心検出範囲を設定する。
93B011	 PIRエントランスシャッターを開設定する。
93B012	 PIRエントランスシャッターを閉設定する。
93B013	PIRエントランスシャッターを初期化する。
93B014	AG for SHで取得した画像データのOBSへの出力を開始する
93B015	AG for SHで取得した画像データのOBSへの出力を停止する
93B016	AG for SHで取得した画像データのTWS1への出力を開始する
93B017	AG for SHで取得した画像データのTWS1への出力を停止する
93B018	AG for SHで取得した画像データのTWS2への出力を開始する
93B019	AG for SHで取得した画像データのTWS2への出力を停止する
93B020	AG for SHで取得した画像データのOBSへの出力間隔を設定する。
93B021	AG for SHで取得した画像データのTWS1への出力間隔を設定する。
93B022	AG for SHで取得した画像データのTWS2への出力間隔を設定する。
93B023	
93B024	
93B025	
93B026	
93B027	
93B028	
93B029	
93B030	
93B031	PIR AG/SHプローブの駆動指令値を設定する。
93B032	PIR AG/SHプローブ駆動系をDRIVE ONする。
93B033	PIR AG/SHプローブ駆動系をDRIVE OFFする。
93B034	PIR AG/SHプローブ駆動の位置検出器のリセットを行う。
93B035	
93B036	
93B037	
93B038	
93B039	
93B040	
93B041	PIRユニットZ軸駆動指令値を設定する。
93B042	PIRユニットZ軸 Drive Onを行なう。
93B043	PIRユニットZ軸 Drive Offを行なう。
93B044	PIRユニットZ軸 位置検出器の初期化を行なう。
93B045	PIRユニットr軸駆動指令値を設定する。
93B046	PIRユニットr軸 Drive Onを行なう。
93B047	PIRユニットr軸 Drive Offを行なう。
93B048	PIRユニットr軸 位置検出器の初期化を行なう。
93D001	HSCシャッターを開設定する。
93D002	HSCシャッターを閉設定する。
93D003	HSCSCAGで取得した画像データのOBSへの出力を開始する
93D004	HSCSCAGで取得した画像データのOBSへの出力を停止する
93D005	HSCSCAGで取得した画像データのTWS1への出力を開始する
93D006	HSCSCAGで取得した画像データのTWS1への出力を停止する
93D007	HSCSCAGで取得した画像データのTWS2への出力を開始する
93D008	HSCSCAGで取得した画像データのTWS2への出力を停止する
93D009	HSCSCAGで取得した画像データのOBSへの出力間隔を設定する。
93D010	HSCSCAGで取得した画像データのTWS1への出力間隔を設定する。
93D011	HSCSCAGで取得した画像データのTWS2への出力間隔を設定する。
93E001	HSCシャッターを開設定する。
93E002	HSCシャッターを閉設定する。
93E003	HSCダイアフラムを400μmに設定する
93E004	HSCダイアフラムを5000μmに設定する
93E005	PA用AG画像データ取得 をONする。
93E006	PA用AG画像データ取得 をOFFする。
93E007	PA用AG重心検出 をONする。
93E008	PA用AG重心検出をOFFする。
93E009	PA用AG露出時間を設定する。
93E010	PA用AG画像データ取得範囲を設定する。
93E011	PA用AG重心検出範囲を設定する。
93E012	PA用AGカメラで誤差検出を行う時の基準位置を設定する。
93E013	HSCSHAGで取得した画像データのOBSへの出力を開始する
93E014	HSCSHAGで取得した画像データのOBSへの出力を停止する
93E015	HSCSHAGで取得した画像データのTWS1への出力を開始する
93E016	HSCSHAGで取得した画像データのTWS1への出力を停止する
93E017	HSCSHAGで取得した画像データのTWS2への出力を開始する
93E018	HSCSHAGで取得した画像データのTWS2への出力を停止する
93E019	HSCSHAGで取得した画像データのOBSへの出力間隔を設定する。
93E020	HSCSHAGで取得した画像データのTWS1への出力間隔を設定する。
93E021	HSCSHAGで取得した画像データのTWS2への出力間隔を設定する。
92E022	HSC AG for SH用AGで追尾誤差検出時のCCDスレッショルドを設定する。
93F001	HSCシャッターを開設定する。
93F002	HSCシャッターを閉設定する。
93F003	HSCダイアフラムを400μmに設定する
93F004	HSCダイアフラムを5000μmに設定する
93F005	HSC用SH画像データ取得 をONする。
93F006	HSC用SH画像データ取得 をOFFする。
93F007	HSC用SH Test 開始を設定する。
93F008	HSC用SH Test 停止を設定する。
93F009	HSC用AG露出時間を設定する。
93F010	HSC参照光源をONする。
93F011	HSC参照光源をOFFする。
93F012	HSC SHで取得した画像データのOBSへの出力を開始する
93F013	HSC SHで取得した画像データのOBSへの出力を停止する
93F014	HSC SHで取得した画像データのTWS1への出力を開始する
93F015	HSC SHで取得した画像データのTWS1への出力を停止する
93F016	HSC SHで取得した画像データのTWS2への出力を開始する
93F017	HSC SHで取得した画像データのTWS2への出力を停止する
93F018	HSC SHで取得した画像データのOBSへの出力間隔を設定する。
93F019	HSC SHで取得した画像データのTWS1への出力間隔を設定する。
93F020	HSC SHで取得した画像データのTWS2への出力間隔を設定する。
93F021	HSC SHでSH Test実施時に使用するCCDスレッショルドを設定する。
93F022	HSC SHの参照光源を用いた基準位置取得を開始する。
93F023	HSC SHの参照光源を用いた基準位置取得を停止する。
93F024	HSC SHでSH Test実施時、ダークデータを使用に設定する。
93F025	HSC SHでSH Test実施時、ダークデータを未使用に設定する。
93F026	HSC SHで ダークデータ取得開始する。
93F027	HSC SHでダークデータ取得を停止する。
93F028	HSC SHで保持しているダークデータをOBSへ出力する。
93F029	HSC SHで保持しているダークデータをTWS1へ出力する。
93F030	HSC SHで保持しているダークデータをTWS2へ出力する。
93F031	HSC SHの参照光源PWM制御デューティ比を設定する。
93F032	HSC SHの参照光源を用いた基準位置転送を設定する。
